port_b,port_a,count_condition,count_joint,probability
21,80,9558529,7640750,0.79936463026894622
21,443,9558529,6680406,0.69889477763785623
21,143,9558529,4867284,0.5092084775805984
21,110,9558529,4857388,0.50817317183428534
21,995,9558529,4800219,0.50219223062460761
21,993,9558529,4795750,0.50172469006475784
21,25,9558529,4724223,0.49424163487917439
21,465,9558529,4462309,0.46684055674256991
21,587,9558529,4395009,0.4597997244136624
21,53,9558529,4044063,0.42308424235570141
21,3306,9558529,4019757,0.42054138246585848
21,22,9558529,3488748,0.36498795996748035
21,8443,9558529,2869871,0.30024190960763941
21,8080,9558529,2867859,0.30003141696802926
21,23,9558529,2601531,0.27216855229502362
21,6443,9558529,2586159,0.27056035505044762
21,20000,9558529,2573636,0.26925021622050843
21,1883,9558529,2568005,0.26866110883798122
21,5432,9558529,2564126,0.26825529325694364
21,8883,9558529,2554987,0.26729918379700474
21,4567,9558529,2551857,0.26697172755347609
21,1433,9558529,2542261,0.26596780738960984
21,5672,9558529,2521925,0.26384028337414678
21,5900,9558529,2512704,0.26287559518833914
21,7547,9558529,2511881,0.26278949407382662
21,30005,9558529,2505646,0.26213719705197319
21,631,9558529,2499942,0.26154045251105063
21,6379,9558529,2411299,0.25226674522826681
21,1521,9558529,2405760,0.25168726275769004
21,161,9558529,2358058,0.24669674591142632
21,49154,9558529,2281864,0.2387254356815782
21,623,9558529,2271008,0.23758969607143526
21,1723,9558529,2269842,0.23746771077432521
21,27017,9558529,2255872,0.23600618881838409
21,502,9558529,2242475,0.23460461332491642
21,102,9558529,2226615,0.23294536219956019
21,51005,9558529,2221186,0.23237738777588057
21,50805,9558529,2219728,0.23222485384518893
21,49152,9558529,2184532,0.2285426973125258
21,11211,9558529,2153300,0.22527524894259357
21,445,9558529,1905000,0.19929844853742662
22,80,15604356,8238961,0.52799109428162239
22,443,15604356,7263485,0.46547803703017288
22,21,15604356,3488748,0.22357526321496382
22,3306,15604356,3142642,0.20139517452690775
22,25,15604356,2972520,0.19049296234974389
22,993,15604356,2919986,0.18712633831219949
22,110,15604356,2883816,0.1848083958094778
22,995,15604356,2875883,0.1843000121248195
22,143,15604356,2868429,0.18382232499694315
22,465,15604356,2711160,0.17374379307931709
22,587,15604356,2673077,0.17130325660347662
22,53,15604356,2655088,0.17015043748040612
22,8080,15604356,2545274,0.16311304356296408
22,23,15604356,2334905,0.14963161568474853
22,8443,15604356,2324429,0.14896026468506615
22,5432,15604356,2091054,0.1340045048959406
22,7547,15604356,1969387,0.12620751538865174
22,1883,15604356,1964568,0.12589869136541104
22,6443,15604356,1948798,0.12488807612438475
22,6379,15604356,1944738,0.1246278923654395
22,20000,15604356,1920012,0.12304333482266105
22,5672,15604356,1908278,0.12229136530850744
22,5900,15604356,1898435,0.12166057990473943
22,8883,15604356,1898421,0.12165968271936374
22,631,15604356,1897104,0.12157528320938077
22,4567,15604356,1892878,0.12130446139526681
22,1723,15604356,1887996,0.12099160003783559
22,30005,15604356,1873823,0.12008332801430575
22,161,15604356,1864457,0.11948311099798031
22,1521,15604356,1841486,0.11801102205050949
22,27017,15604356,1832370,0.11742682620160678
22,502,15604356,1780599,0.11410909876703659
22,623,15604356,1778350,0.11396497234490165
22,102,15604356,1775628,0.11379053387400287
22,49154,15604356,1760411,0.11281535745531568
22,50805,15604356,1758171,0.11267180779520795
22,51005,15604356,1757303,0.11261618230191621
22,49152,15604356,1755042,0.11247128686374497
22,11211,15604356,1723407,0.11044396833807175
22,1433,15604356,1709767,0.10956985344348719
22,445,15604356,1542821,0.098871174177261781
23,80,4728088,3163490,0.66908441636450078
23,443,4728088,2961020,0.62626160934398856
23,7547,4728088,2674776,0.5657204349834436
23,3306,4728088,2667868,0.56425937926705261
23,8080,4728088,2643199,0.55904183678476371
23,6443,4728088,2632445,0.55676734443182951
23,110,4728088,2609468,0.55190766330914309
23,993,4728088,2606047,0.5511841150164718
23,5432,4728088,2603914,0.55073298128122827
23,1883,4728088,2601821,0.550290307625408
23,21,4728088,2601531,0.55022897204958965
23,631,4728088,2601230,0.5501653099519298
23,995,4728088,2597063,0.54928398117801525
23,8883,4728088,2593224,0.54847202505537118
23,8443,4728088,2581048,0.54589677687894134
23,20000,4728088,2572920,0.54417768874014194
23,4567,4728088,2567342,0.542997930664573
23,161,4728088,2565100,0.54252374321290131
23,5672,4728088,2548561,0.53902571187338311
23,5900,4728088,2545449,0.53836751769425606
23,143,4728088,2507302,0.53029935145031137
23,30005,4728088,2500355,0.52883004715648274
23,1521,4728088,2478842,0.52428000494068638
23,1723,4728088,2474451,0.52335129972200178
23,6379,4728088,2473895,0.523233704618019
23,465,4728088,2467859,0.52195707863305418
23,27017,4728088,2448342,0.51782919438047681
23,53,4728088,2439950,0.51605426971748414
23,49152,4728088,2434882,0.51498237765456145
23,49154,4728088,2426920,0.51329839884536832
23,502,4728088,2416569,0.51110914179262312
23,623,4728088,2400162,0.50763902871520161
23,102,4728088,2396298,0.506821785042918
23,587,4728088,2394823,0.50650981961418651
23,51005,4728088,2391036,0.50570886159479267
23,50805,4728088,2388931,0.50526364991514539
23,25,4728088,2363459,0.49987627133843532
23,1433,4728088,2350521,0.497139858648993
23,22,4728088,2334905,0.49383704364216569
23,11211,4728088,2331293,0.49307309847024844
23,445,4728088,2137559,0.45209797279576863
25,80,8426662,6498159,0.77114271344928753
25,443,8426662,6170546,0.73226456691866837
25,110,8426662,5738769,0.68102517936521012
25,143,8426662,5566215,0.6605480319490683
25,587,8426662,5403409,0.64122768897103033
25,993,8426662,5372877,0.63760442747080637
25,465,8426662,5290355,0.627811463186728
25,995,8426662,5258854,0.62407320953421419
25,21,8426662,4724223,0.560628039904769
25,53,8426662,3974305,0.47163455707609964
25,3306,8426662,3799645,0.45090748863547631
25,22,8426662,2972520,0.35275177763152243
25,8443,8426662,2954625,0.35062816094913979
25,8080,8426662,2819909,0.33464128500704077
25,6443,8426662,2624051,0.31139862973025378
25,20000,8426662,2619342,0.31083980821824825
25,5432,8426662,2604374,0.30906354141177134
25,1883,8426662,2592226,0.30762192668935812
25,8883,8426662,2583338,0.30656717926979865
25,4567,8426662,2575269,0.30560962335975977
25,5900,8426662,2554654,0.303163221688493
25,5672,8426662,2554148,0.30310317418688443
25,631,8426662,2530204,0.30026171691709008
25,7547,8426662,2509298,0.29778078199885077
25,6379,8426662,2443106,0.28992571435759495
25,1521,8426662,2424869,0.2877615122096982
25,30005,8426662,2417370,0.28687159874218282
25,161,8426662,2384347,0.28295272790103604
25,23,8426662,2363459,0.28047392905992907
25,1723,8426662,2356375,0.2796332640374089
25,49154,8426662,2296391,0.27251490566490028
25,1433,8426662,2287125,0.27141530062556207
25,27017,8426662,2263486,0.26861003799606537
25,502,8426662,2256060,0.26772878750803103
25,102,8426662,2247814,0.26675022683952437
25,623,8426662,2243229,0.26620612052554143
25,50805,8426662,2241533,0.26600485459129608
25,51005,8426662,2238370,0.26562949837076649
25,49152,8426662,2218663,0.2632908499237302
25,11211,8426662,2106253,0.24995104823238432
25,445,8426662,2048112,0.24305140042403506
53,80,7715436,5202489,0.67429617717002643
53,443,7715436,4898645,0.63491486417617882
53,993,7715436,4083711,0.52929102127216143
53,995,7715436,4058743,0.5260549112195344
53,21,7715436,4044063,0.52415223196718885
53,110,7715436,4001768,0.518670364189399
53,143,7715436,4001429,0.51862642629658262
53,25,7715436,3974305,0.51511087643005526
53,465,7715436,3809147,0.49370469795874139
53,587,7715436,3698299,0.47933765505928633
53,3306,7715436,3313176,0.42942174622406304
53,8443,7715436,2843011,0.3684835179761714
53,8080,7715436,2680234,0.34738594163699887
53,22,7715436,2655088,0.34412676095038569
53,8883,7715436,2649283,0.3433743731397681
53,1883,7715436,2609106,0.33816701998435345
53,6443,7715436,2608781,0.3381248966357831
53,7547,7715436,2602120,0.3372615624055465
53,20000,7715436,2600318,0.337028004639012
53,4567,7715436,2563757,0.33228932234030584
53,1433,7715436,2541061,0.32934768689676125
53,5672,7715436,2536236,0.32872231718337108
53,5900,7715436,2517446,0.32628693958449012
53,631,7715436,2502903,0.32440201694369575
53,5432,7715436,2468454,0.319937071605545
53,23,7715436,2439950,0.316242659520473
53,30005,7715436,2436560,0.31580328059230872
53,6379,7715436,2401315,0.31123516545273655
53,1521,7715436,2394157,0.31030741490176317
53,161,7715436,2375485,0.3078873313186708
53,1723,7715436,2361710,0.30610194939080565
53,623,7715436,2262498,0.29324305198047135
53,27017,7715436,2254015,0.29214356777763434
53,49154,7715436,2236008,0.289809675046232
53,502,7715436,2227310,0.28868232462818694
53,50805,7715436,2212029,0.28670174958356209
53,102,7715436,2210975,0.28656514032389097
53,51005,7715436,2205196,0.285816122381159
53,49152,7715436,2167416,0.28091944512273836
53,11211,7715436,2159108,0.27984264272297765
53,445,7715436,1834200,0.23773121830056007
80,443,48229614,35111376,0.72800449947619317
80,22,48229614,8238961,0.17082784448575516
80,21,48229614,7640750,0.1584244485141432
80,25,48229614,6498159,0.13473379654251433
80,8080,48229614,5995868,0.12431922013723767
80,143,48229614,5759343,0.11941507555917823
80,110,48229614,5747810,0.11917594861945194
80,993,48229614,5697202,0.11812663480989087
80,995,48229614,5599719,0.11610540776876216
80,3306,48229614,5545690,0.11498516243567697
80,587,48229614,5370705,0.11135699738339187
80,465,48229614,5288449,0.10965148922817421
80,53,48229614,5202489,0.10786918178528238
80,8443,48229614,5059276,0.10489978211312245
80,8883,48229614,3443508,0.071398207748459272
80,7547,48229614,3398855,0.070472365795836558
80,23,48229614,3163490,0.065592272830547638
80,6443,48229614,3115579,0.064598879020678041
80,5432,48229614,3096067,0.064194314306558628
80,1883,48229614,3087046,0.064007271548969888
80,20000,48229614,3070890,0.063672290638693479
80,30005,48229614,2982888,0.061847644063665948
80,5672,48229614,2953239,0.061232897281740632
80,49154,48229614,2937844,0.060913695058807643
80,4567,48229614,2928194,0.060713610521535587
80,49152,48229614,2926321,0.060674775460570762
80,5900,48229614,2900201,0.060133199490255092
80,6379,48229614,2892050,0.05996419544224426
80,1723,48229614,2879584,0.05970572354155685
80,631,48229614,2867972,0.0594649586040643
80,1433,48229614,2776800,0.057574584776896615
80,1521,48229614,2738403,0.056778455660043227
80,161,48229614,2677715,0.055520141629165846
80,27017,48229614,2660636,0.055166023099417712
80,502,48229614,2638752,0.054712276984012355
80,623,48229614,2566112,0.053206148405002783
80,51005,48229614,2552019,0.052913942043989817
80,50805,48229614,2549351,0.052858623334617605
80,102,48229614,2537368,0.05261016602786827
80,445,48229614,2535599,0.052573487318393217
80,11211,48229614,2405518,0.049876368490114807
102,502,2860675,2680402,0.9369823555629353
102,6443,2860675,2662187,0.930614977234394
102,27017,2860675,2657573,0.929002071189492
102,30005,2860675,2654232,0.927834165013502
102,5432,2860675,2649679,0.92624258260725179
102,8883,2860675,2647709,0.92555393394915531
102,20000,2860675,2645646,0.92483277548131126
102,50805,2860675,2643767,0.924175937497269
102,1883,2860675,2640663,0.92309087890095864
102,5672,2860675,2639459,0.92266999921347237
102,623,2860675,2636520,0.92164261931187574
102,49154,2860675,2635318,0.92122243876008281
102,995,2860675,2631632,0.91993393167696436
102,993,2860675,2628641,0.91888837424733671
102,51005,2860675,2618157,0.91522350494201543
102,161,2860675,2604400,0.91041450007428315
102,443,2860675,2595129,0.90717365656706894
102,143,2860675,2593414,0.90657414770989364
102,5900,2860675,2591539,0.90591870799723839
102,4567,2860675,2560303,0.8949996067361724
102,631,2860675,2558737,0.8944521834881628
102,1521,2860675,2542673,0.88883672559797955
102,80,2860675,2537368,0.88698226817097359
102,6379,2860675,2524794,0.882586802065946
102,3306,2860675,2516119,0.87955430099539444
102,49152,2860675,2508847,0.87701224361383245
102,8443,2860675,2490132,0.87047008136191628
102,110,2860675,2487239,0.8694587815812701
102,8080,2860675,2476797,0.86580859412551237
102,1723,2860675,2474505,0.86500738462076254
102,7547,2860675,2439078,0.85262324451396965
102,11211,2860675,2430134,0.84949670969264246
102,23,2860675,2396298,0.8376687320300279
102,465,2860675,2391706,0.83606351647775434
102,587,2860675,2386242,0.83415347776311533
102,25,2860675,2247814,0.78576349987328165
102,1433,2860675,2233269,0.78067903554231077
102,21,2860675,2226615,0.77835301109004
102,53,2860675,2210975,0.77288576996687841
102,445,2860675,1919749,0.67108252422942138
102,22,2860675,1775628,0.620702456588043
110,143,6392424,5836502,0.91303424178371151
110,80,6392424,5747810,0.89915969278633578
110,25,6392424,5738769,0.89774536232264945
110,443,6392424,5591897,0.874769414544467
110,995,6392424,5556053,0.86916215194736768
110,993,6392424,5533721,0.86566864150438083
110,587,6392424,5194102,0.81254028205888718
110,465,6392424,5182135,0.810668222258098
110,21,6392424,4857388,0.75986636681171338
110,53,6392424,4001768,0.62601729797647965
110,3306,6392424,3978563,0.62238721962122667
110,8443,6392424,3133132,0.49013206883648519
110,8080,6392424,2976538,0.46563525823693797
110,22,6392424,2883816,0.45113027546358003
110,6443,6392424,2883498,0.45108052907629409
110,20000,6392424,2849557,0.44577096262700971
110,1883,6392424,2838266,0.44400465300799824
110,5432,6392424,2831772,0.44298876294813988
110,8883,6392424,2824260,0.44181362187489442
110,4567,6392424,2813971,0.4402040603063877
110,5672,6392424,2794488,0.43715623369163248
110,631,6392424,2783645,0.43546000703332571
110,5900,6392424,2772881,0.43377613875425036
110,7547,6392424,2735044,0.42785710084312306
110,1521,6392424,2656303,0.41553923832336526
110,6379,6392424,2644861,0.41374930699215196
110,161,6392424,2630149,0.41144783262186613
110,30005,6392424,2622864,0.41030820233451348
110,23,6392424,2609468,0.40821259666129783
110,1433,6392424,2532317,0.3961434660779698
110,49154,6392424,2513934,0.39326771816137351
110,27017,6392424,2500335,0.39114035614658854
110,1723,6392424,2490598,0.38961714679752157
110,502,6392424,2488048,0.38921823708815312
110,102,6392424,2487239,0.3890916810274162
110,623,6392424,2477973,0.38764215264819729
110,50805,6392424,2459263,0.38471525042769378
110,51005,6392424,2451179,0.38345062843140565
110,49152,6392424,2431049,0.38030158825509697
110,11211,6392424,2331601,0.36474442246008715
110,445,6392424,2073058,0.32429920167998871
143,110,6357761,5836502,0.91801217441171512
143,80,6357761,5759343,0.9058759836992929
143,993,6357761,5654049,0.88931449294806775
143,443,6357761,5594664,0.87997394051144739
143,25,6357761,5566215,0.8754992520165511
143,995,6357761,5558439,0.87427617993189743
143,587,6357761,5178944,0.81458614125318651
143,465,6357761,5153794,0.810630346123423
143,21,6357761,4867284,0.76556573925946569
143,53,6357761,4001429,0.62937707158227563
143,3306,6357761,3951407,0.62150920740807969
143,8443,6357761,3127555,0.49192711081778634
143,8080,6357761,2934294,0.46152945982083943
143,6443,6357761,2896249,0.45554543494164063
143,20000,6357761,2879587,0.45292470100716276
143,22,6357761,2868429,0.45116968064700763
143,1883,6357761,2855532,0.44914113632141883
143,8883,6357761,2850671,0.44837655898043355
143,5432,6357761,2847407,0.44786317069798631
143,5672,6357761,2826096,0.44451120449478992
143,4567,6357761,2814253,0.44264844180207469
143,5900,6357761,2785168,0.43807371809037804
143,631,6357761,2756131,0.43350654420636447
143,30005,6357761,2735669,0.430288115580312
143,7547,6357761,2699815,0.42464870887722894
143,161,6357761,2657229,0.41795043884159849
143,1521,6357761,2648924,0.4166441613643545
143,6379,6357761,2645953,0.41617685848838926
143,27017,6357761,2613459,0.4110659397231195
143,102,6357761,2593414,0.4079131002250635
143,502,6357761,2591189,0.40756313425433893
143,49154,6357761,2581236,0.40599764602664368
143,50805,6357761,2567735,0.40387409970270982
143,623,6357761,2557955,0.40233582231228887
143,1723,6357761,2552521,0.40148111890333721
143,51005,6357761,2551418,0.40130763015470383
143,23,6357761,2507302,0.39436870936167623
143,1433,6357761,2483890,0.39068628090926977
143,49152,6357761,2449267,0.38524049582864156
143,11211,6357761,2390242,0.37595656709964403
143,445,6357761,2034196,0.31995477653217852
161,6443,3469856,2803657,0.808003847998303
161,8883,3469856,2784182,0.80239122315162359
161,1883,3469856,2783067,0.80206988416810376
161,5432,3469856,2774240,0.79952597456493868
161,993,3469856,2771686,0.79878992096501988
161,995,3469856,2770745,0.798518728154713
161,20000,3469856,2758253,0.79491857875370042
161,443,3469856,2755272,0.79405946529193139
161,5672,3469856,2737617,0.78897135788920347
161,4567,3469856,2694550,0.77655960362620235
161,5900,3469856,2693214,0.77617457323877415
161,3306,3469856,2681655,0.7728433110768862
161,80,3469856,2677715,0.77170781726965043
161,631,3469856,2676447,0.771342384237271
161,143,3469856,2657229,0.76580382586481976
161,110,3469856,2630149,0.7579994674130569
161,27017,3469856,2617379,0.7543191994134627
161,502,3469856,2610690,0.75239145370874183
161,623,3469856,2604864,0.75071242149530126
161,102,3469856,2604400,0.75057869836673341
161,30005,3469856,2593986,0.74757742108029845
161,8080,3469856,2589556,0.74630071103815254
161,8443,3469856,2587813,0.7457983847168298
161,50805,3469856,2587533,0.7457176897254526
161,49154,3469856,2580248,0.74361817896765747
161,1521,3469856,2575547,0.74226336770171442
161,6379,3469856,2574412,0.74193626479023911
161,7547,3469856,2574409,0.74193540020104576
161,23,3469856,2565100,0.73925257993415294
161,51005,3469856,2564294,0.73902029363754573
161,465,3469856,2543412,0.733002176459196
161,1723,3469856,2515515,0.72496236155045046
161,587,3469856,2487536,0.71689891453708743
161,49152,3469856,2457463,0.70823198426678224
161,11211,3469856,2394523,0.690092902990787
161,25,3469856,2384347,0.68716021644702263
161,1433,3469856,2383737,0.68698441664437948
161,53,3469856,2375485,0.68460621996993531
161,21,3469856,2358058,0.67958382134590023
161,445,3469856,2082561,0.60018657834791989
161,22,3469856,1864457,0.53732979120747371
443,80,52311576,35111376,0.6711970597100726
443,22,52311576,7263485,0.1388504334107617
443,21,52311576,6680406,0.12770416245918495
443,25,52311576,6170546,0.11795756258614729
443,993,52311576,5688997,0.10875216223651912
443,143,52311576,5594664,0.10694887112558031
443,110,52311576,5591897,0.10689597652343719
443,995,52311576,5577253,0.10661603848448381
443,8080,52311576,5541138,0.10592565591982929
443,8443,52311576,5375677,0.10276266576254556
443,587,52311576,5350271,0.10227699888070664
443,465,52311576,5320494,0.10170777496743742
443,3306,52311576,4983869,0.095272774806096458
443,53,52311576,4898645,0.093643613413597018
443,8883,52311576,3525162,0.06738779959525594
443,7547,52311576,3330946,0.0636751223094483
443,6443,52311576,3262337,0.062363577040768184
443,1723,52311576,3232737,0.061797736699808085
443,20000,52311576,3192757,0.061033469914957256
443,1883,52311576,3137066,0.059968868076159663
443,5432,52311576,3126546,0.059767765360386006
443,4567,52311576,3080637,0.058890158461293536
443,30005,52311576,3012892,0.057595129613376587
443,5672,52311576,3007600,0.057493966536202236
443,5900,52311576,2962396,0.056629836577663038
443,23,52311576,2961020,0.056603532648299489
443,6379,52311576,2881483,0.055083085242929784
443,631,52311576,2875158,0.054962175102505034
443,161,52311576,2755272,0.052670407024250236
443,1521,52311576,2748145,0.052534165669181905
443,1433,52311576,2743025,0.052436290583177995
443,27017,52311576,2741049,0.052398516917173364
443,49154,52311576,2706307,0.051734380933199181
443,502,52311576,2688117,0.051386656750697014
443,623,52311576,2628322,0.050243601913274413
443,51005,52311576,2626698,0.050212557159432548
443,50805,52311576,2626054,0.050200246308771124
443,49152,52311576,2597846,0.04966101575681834
443,102,52311576,2595129,0.049609076966061968
443,11211,52311576,2435723,0.046561835567714496
443,445,52311576,2365140,0.04521255486548522
445,80,3224913,2535599,0.786253458620434
445,443,3224913,2365140,0.7333965288365919
445,3306,3224913,2180372,0.67610258013161906
445,23,3224913,2137559,0.66282687315905886
445,6443,3224913,2114140,0.65556497183024787
445,49154,3224913,2106593,0.6532247536600212
445,993,3224913,2102853,0.65206503245203828
445,8080,3224913,2101021,0.65149695511165728
445,5432,3224913,2100647,0.651380982990859
445,995,3224913,2098441,0.65069693352967972
445,1883,3224913,2093061,0.64902867147113741
445,631,3224913,2090439,0.64821562628201135
445,8883,3224913,2085133,0.646570310578921
445,161,3224913,2082561,0.64577276968401942
445,5900,3224913,2076183,0.6437950419127586
445,49152,3224913,2075149,0.64347441310819853
445,110,3224913,2073058,0.64282602352373541
445,20000,3224913,2067444,0.641085201368223
445,465,3224913,2062974,0.6396991174645642
445,5672,3224913,2059564,0.638641724598462
445,4567,3224913,2055248,0.63730339392101432
445,7547,3224913,2053453,0.63674678975835941
445,8443,3224913,2052189,0.63635484120036723
445,25,3224913,2048112,0.635090621049312
445,143,3224913,2034196,0.630775465880785
445,1723,3224913,2010677,0.6234825559635252
445,587,3224913,2007822,0.62259726076331356
445,6379,3224913,1989173,0.61681446910350757
445,1521,3224913,1988840,0.61671121050397326
445,30005,3224913,1949421,0.6044879350233634
445,502,3224913,1920791,0.59561017615048839
445,102,3224913,1919749,0.59528706665885245
445,27017,3224913,1911750,0.59280668966883754
445,50805,3224913,1908654,0.59184666377046447
445,51005,3224913,1907636,0.59153099634005635
445,21,3224913,1905000,0.59071360994854749
445,623,3224913,1900756,0.58939760545478281
445,1433,3224913,1866370,0.57873499223079816
445,11211,3224913,1838779,0.57017941259190563
445,53,3224913,1834200,0.56875952932683771
445,22,3224913,1542821,0.47840701439077582
465,993,5893834,5395627,0.91546979436475473
465,995,5893834,5324457,0.90339446275548307
465,443,5893834,5320494,0.902722065127725
465,25,5893834,5290355,0.89760841584611983
465,80,5893834,5288449,0.8972850270299435
465,587,5893834,5272194,0.89452705997488224
465,110,5893834,5182135,0.8792468535761272
465,143,5893834,5153794,0.87443826887557408
465,21,5893834,4462309,0.75711480845914558
465,53,5893834,3809147,0.64629356714152453
465,3306,5893834,3784795,0.64216179145866681
465,8443,5893834,2950829,0.50066374451672713
465,6443,5893834,2788601,0.47313870733380003
465,8080,5893834,2775268,0.47087651264015917
465,20000,5893834,2768760,0.46977230780507223
465,1883,5893834,2765211,0.4691701530786242
465,8883,5893834,2758131,0.46796889766491556
465,5432,5893834,2738611,0.46465696183502964
465,22,5893834,2711160,0.45999938240540877
465,5672,5893834,2707821,0.45943285813614704
465,4567,5893834,2680894,0.45486418518064814
465,631,5893834,2666066,0.45234833556560977
465,5900,5893834,2644910,0.44875882150735835
465,7547,5893834,2573657,0.43666940738405596
465,30005,5893834,2553125,0.43318576668430092
465,161,5893834,2543412,0.43153777320501391
465,6379,5893834,2527199,0.42878693224138992
465,1521,5893834,2525662,0.42852615122855514
465,23,5893834,2467859,0.4187187830536116
465,1723,5893834,2445870,0.41498793484852137
465,27017,5893834,2408469,0.40864215042364616
465,502,5893834,2402751,0.40767198397511706
465,623,5893834,2398237,0.40690609881445594
465,102,5893834,2391706,0.40579799159596286
465,50805,5893834,2379019,0.40364540297538071
465,49154,5893834,2376549,0.40322632093133265
465,1433,5893834,2375492,0.40304698096349506
465,51005,5893834,2371271,0.402330808774051
465,49152,5893834,2274966,0.38599085077726997
465,11211,5893834,2182375,0.37028104286615471
465,445,5893834,2062974,0.35002241325425859
502,443,2994973,2688117,0.89754298285827616
502,102,2994973,2680402,0.89496699970250149
502,27017,2994973,2668606,0.89102839992213623
502,6443,2994973,2663642,0.88937095593182314
502,5432,2994973,2658146,0.8875358809578584
502,8883,2994973,2657129,0.88719631195339654
502,30005,2994973,2654723,0.88639296581304738
502,1883,2994973,2652845,0.88576591508504421
502,623,2994973,2648868,0.88443802331440047
502,20000,2994973,2648469,0.88430480007666179
502,50805,2994973,2647483,0.88397558174981883
502,995,2994973,2640401,0.88161095275316337
502,993,2994973,2639089,0.88117288536490979
502,49154,2994973,2639066,0.88116520582990232
502,80,2994973,2638752,0.88106036348240868
502,5672,2994973,2635091,0.87983798184491147
502,51005,2994973,2623233,0.87587868070930852
502,161,2994973,2610690,0.87169066298761289
502,5900,2994973,2601296,0.86855407377629112
502,143,2994973,2591189,0.865179418979737
502,631,2994973,2568554,0.85762175485388348
502,4567,2994973,2568301,0.857537279968801
502,8443,2994973,2558474,0.85425611516364253
502,1521,2994973,2552154,0.8521459125007137
502,6379,2994973,2534157,0.84613684330376271
502,3306,2994973,2525599,0.843279388495322
502,49152,2994973,2513088,0.83910205534407156
502,8080,2994973,2489036,0.83107126508319107
502,110,2994973,2488048,0.83074137897069522
502,1723,2994973,2475866,0.82667389655933454
502,7547,2994973,2453033,0.81905012165385127
502,11211,2994973,2439605,0.81456660878078035
502,23,2994973,2416569,0.80687505363153522
502,465,2994973,2402751,0.80226132255616323
502,587,2994973,2396489,0.80017048567716642
502,25,2994973,2256060,0.75328224995684434
502,1433,2994973,2244517,0.74942812506156153
502,21,2994973,2242475,0.74874631591002661
502,53,2994973,2227310,0.74368283119747658
502,445,2994973,1920791,0.64133833593825385
502,22,2994973,1780599,0.59452923281779169
587,25,6040293,5403409,0.89456074399039909
587,80,6040293,5370705,0.88914643710164387
587,443,6040293,5350271,0.88576348862546894
587,993,6040293,5299515,0.87736058499148961
587,465,6040293,5272194,0.8728374600371207
587,995,6040293,5226734,0.86531133506271962
587,110,6040293,5194102,0.85990894812552965
587,143,6040293,5178944,0.857399467211276
587,21,6040293,4395009,0.72761520012357017
587,3306,6040293,3744982,0.62000005628866017
587,53,6040293,3698299,0.61227145769253244
587,8443,6040293,2803143,0.4640740109792687
587,8080,6040293,2768206,0.45829002003710745
587,6443,6040293,2747370,0.45484051849802648
587,20000,6040293,2735118,0.45281214007333748
587,1883,6040293,2725467,0.45121436989894365
587,8883,6040293,2716270,0.4496917616413641
587,5432,6040293,2693322,0.44589260818970206
587,5672,6040293,2678319,0.4434087882822903
587,22,6040293,2673077,0.44254094958638596
587,4567,6040293,2641383,0.43729385312931013
587,631,6040293,2612837,0.43256792344344885
587,5900,6040293,2608785,0.43189709505813706
587,30005,6040293,2562012,0.4241535965225528
587,7547,6040293,2543162,0.4210328869808137
587,6379,6040293,2490246,0.41227238479987643
587,161,6040293,2487536,0.41182373106735054
587,1521,6040293,2480299,0.41062561038015871
587,1723,6040293,2442497,0.40436730469862969
587,27017,6040293,2402280,0.39770918397501576
587,502,6040293,2396489,0.39675045564842631
587,23,6040293,2394823,0.39647464121359677
587,102,6040293,2386242,0.39505401476385332
587,623,6040293,2377139,0.39354696866526179
587,49154,6040293,2375312,0.39324449989429322
587,50805,6040293,2374873,0.39317182130072165
587,51005,6040293,2355435,0.38995376548786626
587,1433,6040293,2329189,0.38560861203256197
587,49152,6040293,2270798,0.37594169686801615
587,11211,6040293,2186497,0.361985254688804
587,445,6040293,2007822,0.33240473599542275
623,6443,2921350,2656855,0.90946137915689662
623,5432,2921350,2653184,0.90820476834340291
623,8883,2921350,2651365,0.9075821110103206
623,502,2921350,2648868,0.90672736919574859
623,1883,2921350,2644389,0.90519417392643808
623,20000,2921350,2639029,0.90335940575418894
623,102,2921350,2636520,0.90250055624967906
623,995,2921350,2634842,0.9019261642733668
623,993,2921350,2633967,0.901626645215397
623,27017,2921350,2628570,0.89977921166583941
623,443,2921350,2628322,0.89969431940712341
623,5672,2921350,2627176,0.89930203501805672
623,5900,2921350,2616468,0.89563660636349629
623,30005,2921350,2614630,0.89500744518801234
623,50805,2921350,2607228,0.89247368511133551
623,161,2921350,2604864,0.89166447019357487
623,49154,2921350,2601250,0.890427370907286
623,51005,2921350,2583965,0.88451058585927744
623,1521,2921350,2574230,0.88117822239717936
623,80,2921350,2566112,0.87839937015420955
623,631,2921350,2562172,0.8770506786246085
623,4567,2921350,2560558,0.87649819432796483
623,143,2921350,2557955,0.87560716791894155
623,6379,2921350,2533987,0.86740274188303357
623,3306,2921350,2513482,0.86038372670169616
623,110,2921350,2477973,0.84822872986804043
623,49152,2921350,2475384,0.84734249576394471
623,8080,2921350,2469907,0.84546767761480135
623,8443,2921350,2467074,0.84449792048196892
623,7547,2921350,2441581,0.83577147551645647
623,1723,2921350,2441530,0.83575401783422043
623,11211,2921350,2417852,0.827648860971811
623,23,2921350,2400162,0.82159344138839918
623,465,2921350,2398237,0.82093449946086572
623,587,2921350,2377139,0.81371249593509853
623,1433,2921350,2284272,0.78192342581340823
623,21,2921350,2271008,0.77738305920208128
623,53,2921350,2262498,0.77447002242114094
623,25,2921350,2243229,0.76787409930340422
623,445,2921350,1900756,0.65064302462902424
623,22,2921350,1778350,0.60874253341776918
631,6443,3182176,2918790,0.91723085083917422
631,1883,3182176,2887097,0.907271313717406
631,8883,3182176,2882655,0.905875413553493
631,993,3182176,2882576,0.9058505877739006
631,995,3182176,2881770,0.905597301971984
631,3306,3182176,2876085,0.90381078859246
631,443,3182176,2875158,0.90351947849521841
631,80,3182176,2867972,0.90126127530344013
631,20000,3182176,2858497,0.89828375300423358
631,5672,3182176,2847183,0.89472832426616256
631,8080,3182176,2820762,0.886425515119214
631,4567,3182176,2816829,0.88518956839596552
631,5900,3182176,2801572,0.88039505043090016
631,8443,3182176,2795480,0.87848063714891944
631,7547,3182176,2784934,0.87516655269853083
631,1521,3182176,2783713,0.87478285299116076
631,110,3182176,2783645,0.87476148396568887
631,6379,3182176,2769442,0.87029818589543761
631,143,3182176,2756131,0.86611519915931745
631,5432,3182176,2723485,0.8558561814305683
631,30005,3182176,2702385,0.8492254985267943
631,161,3182176,2676447,0.841074472310771
631,465,3182176,2666066,0.837812239172189
631,587,3182176,2612837,0.82108500598332712
631,23,3182176,2601230,0.81743750188550224
631,1433,3182176,2601077,0.8173894215781905
631,502,3182176,2568554,0.80716905664551553
631,623,3182176,2562172,0.80516351075490478
631,102,3182176,2558737,0.80408406071820038
631,27017,3182176,2546183,0.80013896151564212
631,25,3182176,2530204,0.79511755478012525
631,50805,3182176,2529118,0.79477627887332447
631,49154,3182176,2519475,0.79174596251118734
631,51005,3182176,2508077,0.788164136741651
631,53,3182176,2502903,0.78653820530354068
631,49152,3182176,2502202,0.78631791579095567
631,21,3182176,2499942,0.78560770994439022
631,1723,3182176,2494456,0.783883732389409
631,11211,3182176,2427299,0.762779619983307
631,445,3182176,2090439,0.65692123880011666
631,22,3182176,1897104,0.596165642629446
993,995,6273091,5811339,0.92639163053748141
993,80,6273091,5697202,0.90819693194312023
993,443,6273091,5688997,0.90688896430802612
993,143,6273091,5654049,0.90131786706107087
993,110,6273091,5533721,0.88213625467891343
993,465,6273091,5395627,0.86012254564775159
993,25,6273091,5372877,0.85649594434386489
993,587,6273091,5299515,0.844801231163393
993,21,6273091,4795750,0.76449552541163524
993,53,6273091,4083711,0.65098864339764884
993,3306,6273091,4039241,0.64389963416758977
993,8443,6273091,3178014,0.50661053697451541
993,6443,6273091,3015986,0.48078148396061848
993,20000,6273091,3005554,0.47911850792535926
993,1883,6273091,2996509,0.47767663501135244
993,8080,6273091,2994474,0.47735223353208173
993,8883,6273091,2987578,0.47625293495662663
993,5432,6273091,2971711,0.4737235598845928
993,5672,6273091,2939279,0.46855354083019041
993,4567,6273091,2922509,0.46588021758332537
993,22,6273091,2919986,0.46547802351344814
993,631,6273091,2882576,0.45951445627044146
993,5900,6273091,2881013,0.45926529680503597
993,7547,6273091,2795014,0.44555610623215891
993,30005,6273091,2790873,0.44489598508932837
993,161,6273091,2771686,0.44183736534349655
993,6379,6273091,2749574,0.43831246828716497
993,1521,6273091,2749547,0.43830816418891422
993,502,6273091,2639089,0.42069993883398155
993,27017,6273091,2634875,0.42002818068476927
993,623,6273091,2633967,0.41988343545470647
993,102,6273091,2628641,0.41903441222198118
993,50805,6273091,2617498,0.41725809493278515
993,49154,6273091,2615083,0.416873117255911
993,23,6273091,2606047,0.41543267904132108
993,51005,6273091,2599129,0.41432987342284688
993,1433,6273091,2594548,0.41359961141963347
993,1723,6273091,2590144,0.41289756517161952
993,49152,6273091,2489838,0.39690768075897515
993,11211,6273091,2406851,0.383678636257628
993,445,6273091,2102853,0.33521799699701471
995,993,6103464,5811339,0.95213783517032291
995,80,6103464,5599719,0.91746572110526092
995,443,6103464,5577253,0.91378486053165875
995,143,6103464,5558439,0.91070234869903388
995,110,6103464,5556053,0.91031142315249181
995,465,6103464,5324457,0.87236641356449385
995,25,6103464,5258854,0.861617927131216
995,587,6103464,5226734,0.85635534181900641
995,21,6103464,4800219,0.78647453315035531
995,53,6103464,4058743,0.66499007776567531
995,3306,6103464,4037093,0.66144291176289394
995,8443,6103464,3181402,0.521245312497952
995,6443,6103464,3030503,0.49652181122064454
995,20000,6103464,3020463,0.49487684370711454
995,8080,6103464,3016644,0.49425113345470706
995,1883,6103464,3011766,0.49345191517472703
995,8883,6103464,3001842,0.49182595326195094
995,5432,6103464,2969546,0.48653453186583878
995,5672,6103464,2954657,0.48409509747251722
995,4567,6103464,2917787,0.4780542655777113
995,631,6103464,2881770,0.47215319038500103
995,22,6103464,2875883,0.471188656146739
995,5900,6103464,2875063,0.471054306210375
995,30005,6103464,2809691,0.46034366713721914
995,7547,6103464,2789213,0.45698852323860678
995,161,6103464,2770745,0.45396270052547211
995,6379,6103464,2751549,0.45081760128346787
995,1521,6103464,2751395,0.45079236971005315
995,502,6103464,2640401,0.43260695893348433
995,27017,6103464,2636331,0.4319401244932386
995,623,6103464,2634842,0.43169616466976785
995,102,6103464,2631632,0.43117023382131853
995,50805,6103464,2616835,0.42874587283549143
995,49154,6103464,2611597,0.42788767165661989
995,23,6103464,2597063,0.42550640095526082
995,51005,6103464,2596077,0.42534485334885241
995,1723,6103464,2591425,0.42458266322206539
995,1433,6103464,2587612,0.42395793601797277
995,49152,6103464,2487425,0.40754315909785
995,11211,6103464,2402701,0.39366186152650362
995,445,6103464,2098441,0.34381148148002511
1433,80,3212685,2776800,0.86432376656908472
1433,443,3212685,2743025,0.85381075331070433
1433,6443,3212685,2700295,0.84051035193304047
1433,3306,3212685,2669791,0.83101549015854337
1433,1883,3212685,2664037,0.82922446489462864
1433,8883,3212685,2651575,0.82534546648675489
1433,20000,3212685,2623137,0.81649368051956539
1433,8080,3212685,2614415,0.813778817406624
1433,8443,3212685,2612807,0.81327830148302749
1433,631,3212685,2601077,0.80962714987619389
1433,993,3212685,2594548,0.80759489336800838
1433,5672,3212685,2594103,0.80745637994387875
1433,995,3212685,2587612,0.80543595154831549
1433,4567,3212685,2575943,0.801803787174902
1433,7547,3212685,2558302,0.79631274152305631
1433,21,3212685,2542261,0.791319721665834
1433,53,3212685,2541061,0.79094620231986645
1433,5900,3212685,2539836,0.79056490132085777
1433,110,3212685,2532317,0.78822449135224892
1433,1521,3212685,2511745,0.78182112469787735
1433,6379,3212685,2501100,0.7785076968330229
1433,143,3212685,2483890,0.7731508068796038
1433,5432,3212685,2457008,0.76478335099768568
1433,30005,3212685,2401812,0.74760270614766156
1433,161,3212685,2383737,0.74197657099902414
1433,465,3212685,2375492,0.739410181826105
1433,23,3212685,2350521,0.73163755550264031
1433,587,3212685,2329189,0.72499762659582245
1433,25,3212685,2287125,0.71190452845517072
1433,623,3212685,2284272,0.71101648621013269
1433,49154,3212685,2270953,0.70687073273601364
1433,49152,3212685,2255365,0.70201871643189417
1433,1723,3212685,2251690,0.70087481343486835
1433,27017,3212685,2250255,0.70042814655031538
1433,11211,3212685,2248370,0.69984140991102461
1433,502,3212685,2244517,0.69864210154434692
1433,50805,3212685,2237892,0.69657996348848394
1433,102,3212685,2233269,0.69514098020814363
1433,51005,3212685,2228395,0.69362386913127183
1433,445,3212685,1866370,0.58093775144466386
1433,22,3212685,1709767,0.53219254299752383
1521,6379,3106363,2830519,0.91120033299392245
1521,6443,3106363,2814616,0.90608084116376608
1521,8883,3106363,2807316,0.90373082604962784
1521,1883,3106363,2802972,0.90233240609677623
1521,20000,3106363,2796136,0.900131761806331
1521,3306,3106363,2795730,0.90000106233559951
1521,631,3106363,2783713,0.89613255115387347
1521,5672,3106363,2767865,0.89103076491704281
1521,995,3106363,2751395,0.8857287445156925
1521,993,3106363,2749547,0.88513383657994893
1521,443,3106363,2748145,0.88468250491008293
1521,5900,3106363,2745968,0.88398168533426391
1521,80,3106363,2738403,0.8815463614522836
1521,4567,3106363,2735320,0.88055388246640842
1521,8080,3106363,2726312,0.87765402819953753
1521,30005,3106363,2711791,0.87297942964167419
1521,7547,3106363,2703276,0.87023828187497732
1521,8443,3106363,2693200,0.86699461717770909
1521,110,3106363,2656303,0.855116739415194
1521,143,3106363,2648924,0.85274129263064236
1521,5432,3106363,2627570,0.84586701554196986
1521,161,3106363,2575547,0.82911977769500855
1521,623,3106363,2574230,0.82869580921482777
1521,27017,3106363,2572446,0.8281215041513178
1521,502,3106363,2552154,0.82158910597377066
1521,102,3106363,2542673,0.81853698360429861
1521,50805,3106363,2537600,0.81690388405991188
1521,49154,3106363,2534621,0.81594488474141624
1521,465,3106363,2525662,0.81306080454859908
1521,51005,3106363,2515965,0.809939147485339
1521,49152,3106363,2515091,0.80965778951139966
1521,1433,3106363,2511745,0.80858064559743981
1521,587,3106363,2480299,0.7984575530934408
1521,23,3106363,2478842,0.7979885158302491
1521,11211,3106363,2472900,0.79607566791131623
1521,25,3106363,2424869,0.78061353421992219
1521,21,3106363,2405760,0.77446196725881677
1521,1723,3106363,2403715,0.77380364110697941
1521,53,3106363,2394157,0.77072673090685151
1521,445,3106363,1988840,0.64024713145244128
1521,22,3106363,1841486,0.5928109496539844
1723,443,5309778,3232737,0.60882714870565213
1723,80,5309778,2879584,0.54231721175536907
1723,6443,5309778,2657206,0.50043636475950593
1723,1883,5309778,2622803,0.49395718615731204
1723,8883,5309778,2614157,0.49232886949322552
1723,8443,5309778,2613550,0.49221455209615167
1723,20000,5309778,2598531,0.48938599692868517
1723,8080,5309778,2594933,0.48870837914504145
1723,5432,5309778,2593849,0.48850422748371025
1723,995,5309778,2591425,0.4880477112225784
1723,993,5309778,2590144,0.48780645819844071
1723,5672,5309778,2573494,0.48467073388002285
1723,143,5309778,2552521,0.48072085122956176
1723,3306,5309778,2533903,0.47721448994666066
1723,4567,5309778,2527450,0.475999184900009
1723,161,5309778,2515515,0.47375144497566563
1723,631,5309778,2494456,0.46978536579118751
1723,5900,5309778,2491138,0.4691604809089947
1723,110,5309778,2490598,0.46905878174191085
1723,502,5309778,2475866,0.46628427779843151
1723,102,5309778,2474505,0.46602795823102211
1723,23,5309778,2474451,0.46601778831431373
1723,30005,5309778,2468096,0.46482093978316985
1723,27017,5309778,2466723,0.46456236023426967
1723,7547,5309778,2460581,0.46340562637458665
1723,465,5309778,2445870,0.46063507739871612
1723,49154,5309778,2445755,0.46061341924276306
1723,50805,5309778,2443688,0.46022413743098112
1723,587,5309778,2442497,0.459999834268024
1723,623,5309778,2441530,0.45981771742622762
1723,51005,5309778,2419979,0.45575897900062867
1723,1521,5309778,2403715,0.45269595075349667
1723,6379,5309778,2385759,0.44931426511616868
1723,53,5309778,2361710,0.44478507387691163
1723,25,5309778,2356375,0.44378032377248161
1723,49152,5309778,2348211,0.44224278303160697
1723,11211,5309778,2283153,0.42999029337949723
1723,21,5309778,2269842,0.42748340891088105
1723,1433,5309778,2251690,0.42406481024253745
1723,445,5309778,2010677,0.378674400323328
1723,22,5309778,1887996,0.35556966788442
1883,443,3992761,3137066,0.785688399581142
1883,6443,3992761,3125799,0.78286654272569778
1883,8883,3992761,3123452,0.78227872892968053
1883,80,3992761,3087046,0.77316072762682264
1883,20000,3992761,3062186,0.76693445963833051
1883,5672,3992761,3022658,0.75703454326467323
1883,995,3992761,3011766,0.75430660638089786
1883,993,3992761,2996509,0.7504854410268984
1883,4567,3992761,2956693,0.74051339411499961
1883,3306,3992761,2944991,0.73758259009241978
1883,5900,3992761,2911204,0.72912052587169629
1883,8080,3992761,2900084,0.72633548564514627
1883,8443,3992761,2891437,0.72416981632509436
1883,631,3992761,2887097,0.72308284918631494
1883,143,3992761,2855532,0.715177292104386
1883,5432,3992761,2851699,0.71421730476730261
1883,30005,3992761,2843796,0.71223797267104139
1883,110,3992761,2838266,0.71085296615549987
1883,7547,3992761,2829149,0.7085695838042898
1883,6379,3992761,2810749,0.70396124386107761
1883,1521,3992761,2802972,0.702013468875297
1883,161,3992761,2783067,0.697028196779121
1883,465,3992761,2765211,0.69255610340814289
1883,587,3992761,2725467,0.68260208913080445
1883,27017,3992761,2670468,0.66882741040598226
1883,1433,3992761,2664037,0.667216745505178
1883,502,3992761,2652845,0.66441367264406759
1883,50805,3992761,2650717,0.66388070811150479
1883,49154,3992761,2646751,0.66288741049113631
1883,623,3992761,2644389,0.66229583989625229
1883,102,3992761,2640663,0.66136265105775172
1883,51005,3992761,2633820,0.65964879941474086
1883,1723,3992761,2622803,0.65688955587374254
1883,53,3992761,2609106,0.653459097601885
1883,23,3992761,2601821,0.65163454561893386
1883,25,3992761,2592226,0.64923144661050336
1883,21,3992761,2568005,0.64316521825373474
1883,49152,3992761,2524221,0.63219937281495187
1883,11211,3992761,2453028,0.61436885403358732
1883,445,3992761,2093061,0.52421394618911576
1883,22,3992761,1964568,0.49203245573676962
3306,80,6486505,5545690,0.85495810147375206
3306,443,6486505,4983869,0.76834427785070691
3306,993,6486505,4039241,0.62271454350224043
3306,995,6486505,4037093,0.622383394447395
3306,21,6486505,4019757,0.6197107687421809
3306,110,6486505,3978563,0.61336004520153764
3306,143,6486505,3951407,0.609173507150615
3306,25,6486505,3799645,0.58577693226167249
3306,465,6486505,3784795,0.58348756379591171
3306,587,6486505,3744982,0.57734974381427284
3306,53,6486505,3313176,0.51077984214920058
3306,22,6486505,3142642,0.48448925885357369
3306,8080,6486505,3086469,0.47582927940393172
3306,8443,6486505,3030202,0.46715480832898454
3306,6443,6486505,2966764,0.45737481124272622
3306,1883,6486505,2944991,0.45401814998986356
3306,5432,6486505,2942679,0.4536617176738475
3306,20000,6486505,2937387,0.45284587000241272
3306,8883,6486505,2928205,0.45143031570930725
3306,6379,6486505,2911884,0.44891416872414341
3306,5672,6486505,2889606,0.44547965352682223
3306,631,6486505,2876085,0.44339517197628
3306,4567,6486505,2860759,0.44103242038663348
3306,7547,6486505,2858533,0.44068924636610934
3306,5900,6486505,2814701,0.43393183231956189
3306,1521,6486505,2795730,0.43100714483377411
3306,30005,6486505,2693020,0.415172731694495
3306,161,6486505,2681655,0.41342063252861133
3306,1433,6486505,2669791,0.41159160441562909
3306,23,6486505,2667868,0.41129514276178003
3306,27017,6486505,2631596,0.4057032253887109
3306,49154,6486505,2581591,0.39799414322504956
3306,49152,6486505,2564006,0.39528313012939942
3306,1723,6486505,2533903,0.39064226420853759
3306,502,6486505,2525599,0.38936206786243133
3306,50805,6486505,2518557,0.38827642929435807
3306,102,6486505,2516119,0.387900572033784
3306,623,6486505,2513482,0.38749403569410645
3306,51005,6486505,2497057,0.38496185542137096
3306,11211,6486505,2475596,0.38165329403122328
3306,445,6486505,2180372,0.33613972393453795
4567,443,8053994,3080637,0.3824980500357959
4567,6443,8053994,2984667,0.37058222293187704
4567,1883,8053994,2956693,0.3671089151543942
4567,8883,8053994,2948458,0.36608644108749028
4567,80,8053994,2928194,0.36357042232710879
4567,20000,8053994,2922755,0.36289510521115365
4567,993,8053994,2922509,0.36286456135924611
4567,995,8053994,2917787,0.36227826839702143
4567,5672,8053994,2890770,0.35892378365317879
4567,3306,8053994,2860759,0.35519755788246177
4567,5900,8053994,2849106,0.35375069810084286
4567,7547,8053994,2847049,0.35349529686761622
4567,8080,8053994,2845887,0.3533510206240531
4567,8443,8053994,2823252,0.350540613762563
4567,631,8053994,2816829,0.34974312123897783
4567,143,8053994,2814253,0.34942327992794631
4567,110,8053994,2813971,0.34938826624405234
4567,30005,8053994,2768383,0.3437279690051917
4567,5432,8053994,2760344,0.34272983069021407
4567,6379,8053994,2735324,0.33962329745962067
4567,1521,8053994,2735320,0.33962280081162216
4567,161,8053994,2694550,0.33456071608695015
4567,465,8053994,2680894,0.3328651598200843
4567,587,8053994,2641383,0.327959395052939
4567,49154,8053994,2584005,0.32083522783851093
4567,27017,8053994,2581107,0.32047540636360045
4567,51005,8053994,2579911,0.3203269086120501
4567,50805,8053994,2579787,0.32031151252409673
4567,1433,8053994,2575943,0.31983423379754194
4567,25,8053994,2575269,0.31975054860979535
4567,502,8053994,2568301,0.31888538779641507
4567,23,8053994,2567342,0.31876631643877562
4567,53,8053994,2563757,0.3183211956701234
4567,623,8053994,2560558,0.31792400143332611
4567,102,8053994,2560303,0.317892340123422
4567,21,8053994,2551857,0.31684366787459739
4567,1723,8053994,2527450,0.3138132459497735
4567,49152,8053994,2482182,0.30819268055079257
4567,11211,8053994,2407727,0.29894819886878488
4567,445,8053994,2055248,0.25518370140330376
4567,22,8053994,1892878,0.2350235175243488
5432,443,3717032,3126546,0.84114045830113915
5432,80,3717032,3096067,0.83294063650783745
5432,993,3717032,2971711,0.79948491161765622
5432,995,3717032,2969546,0.79890245765976731
5432,3306,3717032,2942679,0.79167437891306824
5432,6443,3717032,2886190,0.77647703866956219
5432,1883,3717032,2851699,0.7671978610891701
5432,8883,3717032,2848441,0.7663213553178988
5432,143,3717032,2847407,0.76604317638373842
5432,110,3717032,2831772,0.76183686338993051
5432,5672,3717032,2822987,0.75947341857697215
5432,20000,3717032,2815943,0.757578358216986
5432,161,3717032,2774240,0.746358922925603
5432,5900,3717032,2763025,0.74334173071418275
5432,4567,3717032,2760344,0.74262045632106477
5432,465,3717032,2738611,0.73677358709852381
5432,8080,3717032,2733676,0.73544591491275835
5432,631,3717032,2723485,0.73270421131698626
5432,587,3717032,2693322,0.72458940358866963
5432,8443,3717032,2690988,0.72396148324792464
5432,502,3717032,2658146,0.71512593919019263
5432,623,3717032,2653184,0.71379100314444432
5432,102,3717032,2649679,0.71284804650592193
5432,6379,3717032,2646144,0.711897018911863
5432,27017,3717032,2645520,0.71172914303670243
5432,7547,3717032,2644590,0.71147894341506879
5432,30005,3717032,2635672,0.70907971736589837
5432,1521,3717032,2627570,0.70690002130732266
5432,50805,3717032,2625944,0.70646257551724068
5432,49154,3717032,2624257,0.70600871878423432
5432,51005,3717032,2606005,0.70109834943578642
5432,25,3717032,2604374,0.70065955848644834
5432,23,3717032,2603914,0.70053580383488767
5432,1723,3717032,2593849,0.69782799825236907
5432,21,3717032,2564126,0.68983156453858885
5432,49152,3717032,2506445,0.67431353832842977
5432,53,3717032,2468454,0.66409274926877138
5432,1433,3717032,2457008,0.66101341069971953
5432,11211,3717032,2449025,0.65886572943143884
5432,445,3717032,2100647,0.56514095116749063
5432,22,3717032,2091054,0.56256012861874738
5672,6443,3362033,3053239,0.90815259695547312
5672,1883,3362033,3022658,0.899056612472275
5672,8883,3362033,3018942,0.89795132885370255
5672,443,3362033,3007600,0.8945777748166065
5672,20000,3362033,2996664,0.89132498104569469
5672,995,3362033,2954657,0.8788304576427417
5672,80,3362033,2953239,0.87840868902833491
5672,993,3362033,2939279,0.8742564394817065
5672,5900,3362033,2894740,0.86100880033003835
5672,4567,3362033,2890770,0.859827967185331
5672,3306,3362033,2889606,0.85948174809705913
5672,631,3362033,2847183,0.84686349003712935
5672,8443,3362033,2837789,0.844069347326454
5672,8080,3362033,2832067,0.84236740091486317
5672,143,3362033,2826096,0.84059139217253365
5672,5432,3362033,2822987,0.839666654075079
5672,30005,3362033,2812478,0.836540866791016
5672,6379,3362033,2804660,0.83421548806927237
5672,110,3362033,2794488,0.83118993775492389
5672,7547,3362033,2774951,0.82537887046319891
5672,1521,3362033,2767865,0.82327121714748186
5672,161,3362033,2737617,0.8142742798776812
5672,465,3362033,2707821,0.80541178507171107
5672,587,3362033,2678319,0.79663673735504681
5672,27017,3362033,2651191,0.7885678100125727
5672,102,3362033,2639459,0.78507825473456094
5672,502,3362033,2635091,0.78377904083630356
5672,623,3362033,2627176,0.78142481052387047
5672,50805,3362033,2618445,0.7788278699227521
5672,49154,3362033,2612403,0.77703074300579444
5672,51005,3362033,2595172,0.77190557023086925
5672,1433,3362033,2594103,0.77158760785512814
5672,1723,3362033,2573494,0.76545768587042429
5672,25,3362033,2554148,0.75970342944284008
5672,23,3362033,2548561,0.75804163730695084
5672,53,3362033,2536236,0.75437570065493109
5672,21,3362033,2521925,0.75011904999147838
5672,49152,3362033,2494320,0.7419082442081919
5672,11211,3362033,2446541,0.72769690243968455
5672,445,3362033,2059564,0.61259481986048325
5672,22,3362033,1908278,0.56759645131383307
5900,443,3352686,2962396,0.883588859797786
5900,6443,3352686,2940432,0.87703769455296443
5900,8883,3352686,2919658,0.87084146860159284
5900,1883,3352686,2911204,0.86831990827652816
5900,80,3352686,2900201,0.865038062019527
5900,5672,3352686,2894740,0.86340921875773635
5900,20000,3352686,2887434,0.86123007045694111
5900,993,3352686,2881013,0.8593148896138797
5900,995,3352686,2875063,0.85754019314662933
5900,4567,3352686,2849106,0.84979804252471
5900,3306,3352686,2814701,0.839536121187609
5900,631,3352686,2801572,0.83562015649541888
5900,143,3352686,2785168,0.83072736307545647
5900,110,3352686,2772881,0.8270625403035059
5900,8080,3352686,2764199,0.82447297480288939
5900,5432,3352686,2763025,0.8241228078024605
5900,7547,3352686,2748523,0.81979732071539058
5900,6379,3352686,2748185,0.81969650602531818
5900,1521,3352686,2745968,0.81903524517357129
5900,30005,3352686,2740657,0.81745114215885417
5900,8443,3352686,2735509,0.81591565687929024
5900,161,3352686,2693214,0.8033003985461209
5900,465,3352686,2644910,0.7888928459151856
5900,623,3352686,2616468,0.78040949853341468
5900,587,3352686,2608785,0.778117903078308
5900,27017,3352686,2606012,0.77729080504407511
5900,502,3352686,2601296,0.775884171676083
5900,102,3352686,2591539,0.77297396773810612
5900,49154,3352686,2582974,0.77041929963020694
5900,50805,3352686,2577973,0.76892765979277511
5900,51005,3352686,2564839,0.765010203759016
5900,25,3352686,2554654,0.76197234098272248
5900,23,3352686,2545449,0.75922678115397624
5900,1433,3352686,2539836,0.75755260110848432
5900,53,3352686,2517446,0.75087437356197384
5900,21,3352686,2512704,0.74945998521782242
5900,1723,3352686,2491138,0.74302753076190253
5900,49152,3352686,2467108,0.73586014318072135
5900,11211,3352686,2432835,0.725637593261045
5900,445,3352686,2076183,0.61925960259922941
5900,22,3352686,1898435,0.56624300635371161
6379,3306,3334018,2911884,0.87338580655533349
6379,80,3334018,2892050,0.86743682847543113
6379,443,3334018,2881483,0.86426737948025478
6379,1521,3334018,2830519,0.84898131923702869
6379,6443,3334018,2819911,0.84579957276775353
6379,8883,3334018,2819414,0.84565050338660441
6379,20000,3334018,2811153,0.84317271232488844
6379,1883,3334018,2810749,0.84305153721425619
6379,5672,3334018,2804660,0.841225212341385
6379,8080,3334018,2775274,0.83241122273485024
6379,631,3334018,2769442,0.8306619820288913
6379,995,3334018,2751549,0.82529518436913063
6379,993,3334018,2749574,0.82470280604363866
6379,5900,3334018,2748185,0.82428619161624206
6379,4567,3334018,2735324,0.820428683948317
6379,8443,3334018,2732684,0.8196368465917101
6379,30005,3334018,2723141,0.81677453451061155
6379,7547,3334018,2716871,0.81489392078867
6379,5432,3334018,2646144,0.79368017809142
6379,143,3334018,2645953,0.79362288985842311
6379,110,3334018,2644861,0.79329535713364474
6379,27017,3334018,2588678,0.77644391841915672
6379,161,3334018,2574412,0.77216499730955257
6379,50805,3334018,2535680,0.76054778348527208
6379,502,3334018,2534157,0.76009097731325981
6379,623,3334018,2533987,0.76003998778650861
6379,49154,3334018,2530682,0.75904869139878672
6379,465,3334018,2527199,0.75800400597717232
6379,102,3334018,2524794,0.757282654142839
6379,49152,3334018,2518960,0.75553281356009472
6379,51005,3334018,2511930,0.75342424665973606
6379,1433,3334018,2501100,0.75017591386729165
6379,587,3334018,2490246,0.74692038255342352
6379,11211,3334018,2479167,0.74359736510120822
6379,23,3334018,2473895,0.74201608989513557
6379,25,3334018,2443106,0.7327812867237069
6379,21,3334018,2411299,0.7232411462685564
6379,53,3334018,2401315,0.72024656135629739
6379,1723,3334018,2385759,0.71558071972016946
6379,445,3334018,1989173,0.5966293523310312
6379,22,3334018,1944738,0.58330158985344416
6443,443,3701258,3262337,0.88141302227512919
6443,20000,3701258,3125898,0.8445501502462136
6443,1883,3701258,3125799,0.8445234025836621
6443,80,3701258,3115579,0.84176217923743768
6443,8883,3701258,3115205,0.84166113251224317
6443,8443,3701258,3062778,0.82749648903156714
6443,5672,3701258,3053239,0.82491925718228776
6443,995,3701258,3030503,0.818776480861372
6443,8080,3701258,3026906,0.81780464912200124
6443,993,3701258,3015986,0.81485430088904909
6443,4567,3701258,2984667,0.8063925832784421
6443,3306,3701258,2966764,0.80155557921117626
6443,5900,3701258,2940432,0.79444124132929939
6443,631,3701258,2918790,0.7885940401884981
6443,143,3701258,2896249,0.78250394865745643
6443,5432,3701258,2886190,0.77978622403517939
6443,110,3701258,2883498,0.77905890375650655
6443,7547,3701258,2865025,0.77406789799576248
6443,30005,3701258,2853219,0.770878171691895
6443,6379,3701258,2819911,0.76187906922457171
6443,1521,3701258,2814616,0.76044847454568154
6443,161,3701258,2803657,0.75748758935475446
6443,465,3701258,2788601,0.75341978321965131
6443,587,3701258,2747370,0.74228005721298007
6443,27017,3701258,2719839,0.73484177541797946
6443,1433,3701258,2700295,0.72956140858054208
6443,502,3701258,2663642,0.71965855933307
6443,102,3701258,2662187,0.719265449747086
6443,1723,3701258,2657206,0.71791969108881359
6443,623,3701258,2656855,0.71782485846704014
6443,50805,3701258,2656685,0.71777892813740629
6443,49154,3701258,2652468,0.7166395857840766
6443,51005,3701258,2640482,0.71340122736647915
6443,23,3701258,2632445,0.71122980348843556
6443,25,3701258,2624051,0.70896192591816076
6443,53,3701258,2608781,0.70483630160340083
6443,21,3701258,2586159,0.6987243256211807
6443,49152,3701258,2530444,0.68367133552970372
6443,11211,3701258,2477374,0.66933296733164782
6443,445,3701258,2114140,0.57119498289500492
6443,22,3701258,1948798,0.52652314429310254
7547,8443,39011402,4516502,0.11577389605223622
7547,8080,39011402,3644221,0.093414253607189
7547,80,39011402,3398855,0.087124656529903741
7547,443,39011402,3330946,0.085383909042797287
7547,30005,39011402,2932365,0.075166870444697165
7547,8883,39011402,2867637,0.073507663221126993
7547,6443,39011402,2865025,0.07344070843698465
7547,3306,39011402,2858533,0.073274295550823834
7547,4567,39011402,2847049,0.07297992007567429
7547,1883,39011402,2829149,0.072521079862753968
7547,20000,39011402,2805820,0.071923075207602133
7547,993,39011402,2795014,0.071646079266774368
7547,995,39011402,2789213,0.071497379150844156
7547,631,39011402,2784934,0.0713876932697779
7547,5672,39011402,2774951,0.07113179372533189
7547,5900,39011402,2748523,0.0704543507562225
7547,110,39011402,2735044,0.070108836385834067
7547,6379,39011402,2716871,0.069642998218828439
7547,1521,39011402,2703276,0.069294510358792027
7547,143,39011402,2699815,0.069205792706450289
7547,23,39011402,2674776,0.068563954712522246
7547,5432,39011402,2644590,0.067790180932231048
7547,53,39011402,2602120,0.066701524851631833
7547,161,39011402,2574409,0.065991194061674585
7547,465,39011402,2573657,0.065971917646025641
7547,1433,39011402,2558302,0.065578314770640647
7547,587,39011402,2543162,0.065190223104516984
7547,21,39011402,2511881,0.064388380607290144
7547,25,39011402,2509298,0.0643221691955598
7547,27017,39011402,2490401,0.063837772351785768
7547,51005,39011402,2476102,0.063471238485609927
7547,49152,39011402,2470956,0.0633393283327782
7547,50805,39011402,2466391,0.06322231126171779
7547,49154,39011402,2463316,0.063143488152515
7547,1723,39011402,2460581,0.063073380444004554
7547,502,39011402,2453033,0.062879898548634572
7547,623,39011402,2441581,0.062586343346491366
7547,102,39011402,2439078,0.062522182617276864
7547,11211,39011402,2401349,0.061555055109272921
7547,445,39011402,2053453,0.05263725205261785
7547,22,39011402,1969387,0.050482343597905044
8080,80,9388513,5995868,0.63863872798599741
8080,443,9388513,5541138,0.5902040078125258
8080,8443,9388513,4318510,0.45997806042341316
8080,7547,9388513,3644221,0.388157421734411
8080,3306,9388513,3086469,0.32874950484704019
8080,6443,9388513,3026906,0.32240526268643394
8080,995,9388513,3016644,0.32131222484327393
8080,993,9388513,2994474,0.31895082852843681
8080,110,9388513,2976538,0.31704040884855783
8080,143,9388513,2934294,0.31254086776042173
8080,8883,9388513,2926784,0.31174095407867042
8080,1883,9388513,2900084,0.3088970532394214
8080,20000,9388513,2898741,0.30875400609233861
8080,21,9388513,2867859,0.305464667301414
8080,4567,9388513,2845887,0.30312436058830616
8080,5672,9388513,2832067,0.3016523489928597
8080,631,9388513,2820762,0.30044821794463084
8080,25,9388513,2819909,0.30035736223617093
8080,6379,9388513,2775274,0.29560314823018297
8080,465,9388513,2775268,0.29560250915134273
8080,587,9388513,2768206,0.29485031335633238
8080,5900,9388513,2764199,0.29442351520416493
8080,5432,9388513,2733676,0.29117241463051707
8080,1521,9388513,2726312,0.29038805186721262
8080,30005,9388513,2722720,0.29000545666816457
8080,53,9388513,2680234,0.28548013940013717
8080,23,9388513,2643199,0.28153542525850472
8080,1433,9388513,2614415,0.27846955103539828
8080,1723,9388513,2594933,0.27639446204100693
8080,161,9388513,2589556,0.27582174088697542
8080,22,9388513,2545274,0.27110512601942394
8080,27017,9388513,2526383,0.26909298629080025
8080,49154,9388513,2498691,0.26614342441662486
8080,49152,9388513,2495577,0.26581174249851919
8080,502,9388513,2489036,0.26511504004947323
8080,50805,9388513,2481909,0.26435592090035981
8080,51005,9388513,2480470,0.2642026484918325
8080,102,9388513,2476797,0.26381142572844068
8080,623,9388513,2469907,0.26307755019351842
8080,11211,9388513,2393021,0.25488818090788179
8080,445,9388513,2101021,0.22378634401422248
8443,443,10005230,5375677,0.53728669905639348
8443,80,10005230,5059276,0.50566313817873254
8443,7547,10005230,4516502,0.4514141104202502
8443,8080,10005230,4318510,0.43162525998902573
8443,995,10005230,3181402,0.31797389965048278
8443,993,10005230,3178014,0.3176352767502596
8443,20000,10005230,3142164,0.31405215072517073
8443,110,10005230,3133132,0.31314942285184849
8443,143,10005230,3127555,0.3125920143764811
8443,6443,10005230,3062778,0.30611770044266851
8443,3306,10005230,3030202,0.30286180327688617
8443,25,10005230,2954625,0.29530805388781667
8443,465,10005230,2950829,0.29492865231483933
8443,8883,10005230,2922139,0.29206115201749483
8443,1883,10005230,2891437,0.28899255689274511
8443,21,10005230,2869871,0.28683708420496079
8443,53,10005230,2843011,0.284152488248646
8443,5672,10005230,2837789,0.28363056121648378
8443,4567,10005230,2823252,0.2821776211041625
8443,587,10005230,2803143,0.28016777225511058
8443,631,10005230,2795480,0.27940187282051487
8443,5900,10005230,2735509,0.27340790766429157
8443,30005,10005230,2735084,0.27336542988017265
8443,6379,10005230,2732684,0.27312555533456
8443,1521,10005230,2693200,0.26917921926832267
8443,5432,10005230,2690988,0.26895813489544967
8443,1723,10005230,2613550,0.261218382785803
8443,1433,10005230,2612807,0.26114412162439044
8443,161,10005230,2587813,0.25864602812728943
8443,23,10005230,2581048,0.25796988175184377
8443,502,10005230,2558474,0.25571366175490218
8443,27017,10005230,2545044,0.25437136377674474
8443,49154,10005230,2516119,0.25148037576347571
8443,49152,10005230,2507207,0.25058964161743408
8443,50805,10005230,2502923,0.25016146555351554
8443,51005,10005230,2493275,0.24919716988015267
8443,102,10005230,2490132,0.24888303417312746
8443,623,10005230,2467074,0.24657843947615396
8443,11211,10005230,2426762,0.24254934669168024
8443,22,10005230,2324429,0.23232139590993911
8443,445,10005230,2052189,0.20511162661927812
8883,443,4156118,3525162,0.84818621607952416
8883,80,4156118,3443508,0.82853951692420669
8883,1883,4156118,3123452,0.75153111629650549
8883,6443,4156118,3115205,0.74954681267471235
8883,20000,4156118,3065742,0.73764556251771485
8883,5672,4156118,3018942,0.726385054514814
8883,995,4156118,3001842,0.72227063812913883
8883,993,4156118,2987578,0.71883858927970767
8883,4567,4156118,2948458,0.70942595951318033
8883,3306,4156118,2928205,0.70455290249218139
8883,8080,4156118,2926784,0.70421099689662325
8883,8443,4156118,2922139,0.70309336741642081
8883,5900,4156118,2919658,0.70249641612677982
8883,631,4156118,2882655,0.693593155920982
8883,7547,4156118,2867637,0.68997968777594865
8883,30005,4156118,2851720,0.68614991200923559
8883,143,4156118,2850671,0.68589751301575175
8883,5432,4156118,2848441,0.68536095462159641
8883,110,4156118,2824260,0.679542784877619
8883,6379,4156118,2819414,0.678376792959199
8883,1521,4156118,2807316,0.67546590351862
8883,161,4156118,2784182,0.66989965154983566
8883,465,4156118,2758131,0.66363154270403291
8883,587,4156118,2716270,0.65355940327007078
8883,27017,4156118,2679938,0.64481759180081033
8883,50805,4156118,2659866,0.63998808503512172
8883,502,4156118,2657129,0.63932953780426827
8883,49154,4156118,2655773,0.63900327180315863
8883,1433,4156118,2651575,0.63799319461093262
8883,623,4156118,2651365,0.63794266669040678
8883,53,4156118,2649283,0.63744171844976494
8883,102,4156118,2647709,0.63706299965496649
8883,51005,4156118,2636906,0.63446369905763023
8883,1723,4156118,2614157,0.62899008160981
8883,23,4156118,2593224,0.62395341036996543
8883,25,4156118,2583338,0.62157474835892534
8883,21,4156118,2554987,0.614753238478792
8883,49152,4156118,2531091,0.60900364234124249
8883,11211,4156118,2469971,0.5942976113767704
8883,445,4156118,2085133,0.50170206909428461
8883,22,4156118,1898421,0.45677745434561773
11211,27017,2741159,2517157,0.918282011368184
11211,6379,2741159,2479167,0.90442291016318277
11211,6443,2741159,2477374,0.90376880728188336
11211,3306,2741159,2475596,0.90312017653846421
11211,1521,2741159,2472900,0.90213665095676687
11211,8883,2741159,2469971,0.90106812483332777
11211,20000,2741159,2467326,0.90010320452042369
11211,49154,2741159,2453964,0.89522862409659565
11211,1883,2741159,2453028,0.894887162692861
11211,50805,2741159,2450614,0.89400651330331438
11211,5432,2741159,2449025,0.89342683149718782
11211,30005,2741159,2448572,0.89326157293320085
11211,5672,2741159,2446541,0.89252064546419962
11211,49152,2741159,2442267,0.890961450977488
11211,502,2741159,2439605,0.88999032890831942
11211,51005,2741159,2437859,0.88935337205904508
11211,443,2741159,2435723,0.8885741396248813
11211,5900,2741159,2432835,0.88752057067831525
11211,102,2741159,2430134,0.88653522105065774
11211,631,2741159,2427299,0.885500986991269
11211,8443,2741159,2426762,0.885305084455152
11211,623,2741159,2417852,0.882054634554216
11211,4567,2741159,2407727,0.87836094148497046
11211,993,2741159,2406851,0.87804136863275717
11211,80,2741159,2405518,0.87755507797978882
11211,995,2741159,2402701,0.87652741048585658
11211,7547,2741159,2401349,0.87603418845823977
11211,161,2741159,2394523,0.87354400091348217
11211,8080,2741159,2393021,0.87299605750706177
11211,143,2741159,2390242,0.87198225276242636
11211,110,2741159,2331601,0.85058947693293241
11211,23,2741159,2331293,0.850477115701789
11211,1723,2741159,2283153,0.83291520119774154
11211,1433,2741159,2248370,0.82022604307156211
11211,587,2741159,2186497,0.79765420393344566
11211,465,2741159,2182375,0.79615046044392168
11211,53,2741159,2159108,0.78766244497309346
11211,21,2741159,2153300,0.78554363318581666
11211,25,2741159,2106253,0.76838045512865183
11211,445,2741159,1838779,0.67080348130115763
11211,22,2741159,1723407,0.628714715198936
20000,443,3991465,3192757,0.79989602815006522
20000,8443,3991465,3142164,0.78722073223741162
20000,6443,3991465,3125898,0.7831455367891238
20000,80,3991465,3070890,0.76936413071391085
20000,8883,3991465,3065742,0.76807437870556294
20000,1883,3991465,3062186,0.76718347774563977
20000,995,3991465,3020463,0.7567304235412311
20000,993,3991465,3005554,0.7529952035155012
20000,5672,3991465,2996664,0.750767951115693
20000,3306,3991465,2937387,0.7359170129263316
20000,4567,3991465,2922755,0.73225119097875091
20000,8080,3991465,2898741,0.72623485361890938
20000,5900,3991465,2887434,0.72340205914369782
20000,143,3991465,2879587,0.72143611430890664
20000,30005,3991465,2871745,0.71947142214700621
20000,631,3991465,2858497,0.71615234005559358
20000,110,3991465,2849557,0.71391256092687772
20000,5432,3991465,2815943,0.70549109161673718
20000,6379,3991465,2811153,0.70429103098736934
20000,7547,3991465,2805820,0.70295493008206256
20000,1521,3991465,2796136,0.70052875322719854
20000,465,3991465,2768760,0.693670118615596
20000,161,3991465,2758253,0.69103775180290949
20000,27017,3991465,2736517,0.68559213221210757
20000,587,3991465,2735118,0.68524163433726715
20000,50805,3991465,2657132,0.66570344472518239
20000,49154,3991465,2652813,0.66462138588212594
20000,502,3991465,2648469,0.66353306367461573
20000,102,3991465,2645646,0.6628258045604809
20000,623,3991465,2639029,0.66116801725682173
20000,51005,3991465,2636155,0.660447980879201
20000,1433,3991465,2623137,0.65718652174076431
20000,25,3991465,2619342,0.65623574301666177
20000,53,3991465,2600318,0.65146957320181942
20000,1723,3991465,2598531,0.65102186791065431
20000,21,3991465,2573636,0.64478480958745721
20000,23,3991465,2572920,0.6446054268294974
20000,49152,3991465,2535670,0.63527301379318124
20000,11211,3991465,2467326,0.61815047858367789
20000,445,3991465,2067444,0.51796621040144408
20000,22,3991465,1920012,0.481029396474728
27017,443,3320975,2741049,0.82537477698567441
27017,20000,3320975,2736517,0.82401011751067077
27017,6443,3320975,2719839,0.8189880983747243
27017,8883,3320975,2679938,0.806973253336746
27017,30005,3320975,2679785,0.80692718252922713
27017,50805,3320975,2671846,0.80453661951685873
27017,1883,3320975,2670468,0.8041216811327998
27017,502,3320975,2668606,0.803561002416459
27017,49154,3320975,2667777,0.8033113769299679
27017,80,3320975,2660636,0.80116110479603131
27017,102,3320975,2657573,0.80023878529648673
27017,5672,3320975,2651191,0.7983170605018105
27017,51005,3320975,2647022,0.79706170627601836
27017,5432,3320975,2645520,0.79660942945972191
27017,995,3320975,2636331,0.79384247096108829
27017,993,3320975,2634875,0.79340404549868637
27017,3306,3320975,2631596,0.79241668485911521
27017,623,3320975,2628570,0.79150550666596409
27017,161,3320975,2617379,0.78813571315652786
27017,143,3320975,2613459,0.7869553369115998
27017,5900,3320975,2606012,0.78471292316262542
27017,6379,3320975,2588678,0.77949337167548682
27017,4567,3320975,2581107,0.777213619494275
27017,1521,3320975,2572446,0.77460565044903984
27017,631,3320975,2546183,0.76669743072441077
27017,8443,3320975,2545044,0.76635445915732581
27017,49152,3320975,2543291,0.76582660212738729
27017,8080,3320975,2526383,0.76073532622196793
27017,11211,3320975,2517157,0.75795722641694085
27017,110,3320975,2500335,0.75289184652097652
27017,7547,3320975,2490401,0.74990055631252872
27017,1723,3320975,2466723,0.74277072245349629
27017,23,3320975,2448342,0.73723590210706191
27017,465,3320975,2408469,0.725229488327976
27017,587,3320975,2402280,0.723365878996379
27017,25,3320975,2263486,0.68157273089981107
27017,21,3320975,2255872,0.67928003071387166
27017,53,3320975,2254015,0.67872085757947587
27017,1433,3320975,2250255,0.67758865995678985
27017,445,3320975,1911750,0.57565925669419371
27017,22,3320975,1832370,0.55175663773440031
30005,443,8093434,3012892,0.37226373872944413
30005,80,8093434,2982888,0.368556536076034
30005,7547,8093434,2932365,0.3623140684164472
30005,20000,8093434,2871745,0.35482404625774422
30005,6443,8093434,2853219,0.35253503024797633
30005,8883,8093434,2851720,0.35234981838364282
30005,1883,8093434,2843796,0.35137075313148908
30005,5672,8093434,2812478,0.34750119664903673
30005,995,8093434,2809691,0.34715684343629666
30005,993,8093434,2790873,0.34483174879785267
30005,4567,8093434,2768383,0.34205295304811284
30005,5900,8093434,2740657,0.33862721312115474
30005,143,8093434,2735669,0.33801091106692166
30005,8443,8093434,2735084,0.33793863025262205
30005,6379,8093434,2723141,0.33646298962838272
30005,8080,8093434,2722720,0.33641097215347648
30005,1521,8093434,2711791,0.33506061827402311
30005,631,8093434,2702385,0.33389844162564369
30005,3306,8093434,2693020,0.33274133081211266
30005,27017,8093434,2679785,0.33110605461167658
30005,50805,8093434,2675161,0.330534727286341
30005,49154,8093434,2669662,0.32985528763192484
30005,502,8093434,2654723,0.32800947039291356
30005,102,8093434,2654232,0.32794880393168091
30005,51005,8093434,2653221,0.32782388785773753
30005,5432,8093434,2635672,0.3256555869856973
30005,110,8093434,2622864,0.32407306960185256
30005,623,8093434,2614630,0.32305570169596737
30005,161,8093434,2593986,0.32050499207135069
30005,587,8093434,2562012,0.31655438223132482
30005,465,8093434,2553125,0.31545633163870862
30005,49152,8093434,2551870,0.31530126766957017
30005,21,8093434,2505646,0.30958997132737476
30005,23,8093434,2500355,0.30893623151804289
30005,1723,8093434,2468096,0.30495040794797362
30005,11211,8093434,2448572,0.30253808210458011
30005,53,8093434,2436560,0.30105391605096182
30005,25,8093434,2417370,0.29868285822804014
30005,1433,8093434,2401812,0.29676055923851358
30005,445,8093434,1949421,0.24086450819269051
30005,22,8093434,1873823,0.23152385007402296
49152,49154,3923962,3232392,0.8237572127354954
49152,80,3923962,2926321,0.7457567122209644
49152,443,3923962,2597846,0.66204667629299163
49152,51005,3923962,2573195,0.65576450536473085
49152,3306,3923962,2564006,0.65342273956781438
49152,50805,3923962,2552891,0.6505901433296245
49152,30005,3923962,2551870,0.65032994712996706
49152,27017,3923962,2543291,0.64814363645723383
49152,20000,3923962,2535670,0.64620146678280777
49152,8883,3923962,2531091,0.64503453397357058
49152,6443,3923962,2530444,0.64486964960415
49152,1883,3923962,2524221,0.643283752493016
49152,6379,3923962,2518960,0.64194301575805268
49152,1521,3923962,2515091,0.64095702251958608
49152,502,3923962,2513088,0.64044656905444042
49152,102,3923962,2508847,0.63936577367466862
49152,8443,3923962,2507207,0.63894782875063516
49152,5432,3923962,2506445,0.63875363726763923
49152,631,3923962,2502202,0.63767233219893571
49152,8080,3923962,2495577,0.63598398761252017
49152,5672,3923962,2494320,0.63566364811891651
49152,993,3923962,2489838,0.63452143522286908
49152,995,3923962,2487425,0.63390649552671507
49152,4567,3923962,2482182,0.63257034599213757
49152,623,3923962,2475384,0.63083791331312589
49152,7547,3923962,2470956,0.62970946201823563
49152,5900,3923962,2467108,0.62872882051355239
49152,161,3923962,2457463,0.6262708456401973
49152,143,3923962,2449267,0.62418214039789377
49152,11211,3923962,2442267,0.62239822913677556
49152,23,3923962,2434882,0.62051620275629582
49152,110,3923962,2431049,0.61953938391860064
49152,1723,3923962,2348211,0.59842857805452754
49152,465,3923962,2274966,0.57976249515158407
49152,587,3923962,2270798,0.57870030341782108
49152,1433,3923962,2255365,0.57476728877598715
49152,25,3923962,2218663,0.56541398718947844
49152,21,3923962,2184532,0.55671589072473182
49152,53,3923962,2167416,0.55235397284683185
49152,445,3923962,2075149,0.5288402385140325
49152,22,3923962,1755042,0.44726274107649361
49154,49152,3691741,3232392,0.87557388234981814
49154,80,3691741,2937844,0.79578822024621987
49154,443,3691741,2706307,0.73307065690686324
49154,50805,3691741,2679514,0.72581310552392486
49154,51005,3691741,2670860,0.72346895407884793
49154,30005,3691741,2669662,0.72314444594027583
49154,27017,3691741,2667777,0.72263384674060283
49154,8883,3691741,2655773,0.71938226435711494
49154,20000,3691741,2652813,0.71858047463242958
49154,6443,3691741,2652468,0.71848702278951859
49154,1883,3691741,2646751,0.7169384309462663
49154,502,3691741,2639066,0.714856757286061
49154,102,3691741,2635318,0.71384151813466867
49154,5432,3691741,2624257,0.71084537078847077
49154,993,3691741,2615083,0.70836036439175987
49154,5672,3691741,2612403,0.70763441964103113
49154,995,3691741,2611597,0.70741609446599851
49154,623,3691741,2601250,0.70461335180339035
49154,4567,3691741,2584005,0.69994211403237661
49154,5900,3691741,2582974,0.69966284200327167
49154,3306,3691741,2581591,0.69928822200690677
49154,143,3691741,2581236,0.699192061414926
49154,161,3691741,2580248,0.6989244370068215
49154,1521,3691741,2534621,0.686565227625665
49154,6379,3691741,2530682,0.6854982513670379
49154,631,3691741,2519475,0.68246255628441976
49154,8443,3691741,2516119,0.6815535000965669
49154,110,3691741,2513934,0.6809616384247974
49154,8080,3691741,2498691,0.67683269221757436
49154,7547,3691741,2463316,0.66725049238286216
49154,11211,3691741,2453964,0.66471727025270733
49154,1723,3691741,2445755,0.66249365814124017
49154,23,3691741,2426920,0.657391729268115
49154,465,3691741,2376549,0.6437474893282058
49154,587,3691741,2375312,0.64341241706826124
49154,25,3691741,2296391,0.62203469853383542
49154,21,3691741,2281864,0.61809969876001591
49154,1433,3691741,2270953,0.61514418264986626
49154,53,3691741,2236008,0.60567845902515915
49154,445,3691741,2106593,0.57062318293726455
49154,22,3691741,1760411,0.47685116588623089
50805,51005,4554616,2681982,0.58884920265506469
50805,49154,4554616,2679514,0.58830733480056274
50805,30005,4554616,2675161,0.587351601100949
50805,27017,4554616,2671846,0.58662376806299366
50805,8883,4554616,2659866,0.58399346948238884
50805,20000,4554616,2657132,0.58339319933886857
50805,6443,4554616,2656685,0.58329505714642027
50805,1883,4554616,2650717,0.58198473812062312
50805,502,4554616,2647483,0.58127468923834635
50805,102,4554616,2643767,0.58045881365190832
50805,443,4554616,2626054,0.57656979205272185
50805,5432,4554616,2625944,0.57654564073019543
50805,5672,4554616,2618445,0.574899179206326
50805,993,4554616,2617498,0.57469125827512135
50805,995,4554616,2616835,0.57454569166753022
50805,623,4554616,2607228,0.57243640298106357
50805,161,4554616,2587533,0.56811221846144655
50805,4567,4554616,2579787,0.56641152624063151
50805,5900,4554616,2577973,0.566013248976423
50805,143,4554616,2567735,0.56376541952164572
50805,49152,4554616,2552891,0.5605063083254439
50805,80,4554616,2549351,0.55972907485504819
50805,1521,4554616,2537600,0.55714905493679379
50805,6379,4554616,2535680,0.556727504579969
50805,631,4554616,2529118,0.55528676841252922
50805,3306,4554616,2518557,0.55296802189251515
50805,8443,4554616,2502923,0.54953546028907818
50805,8080,4554616,2481909,0.54492167945662162
50805,7547,4554616,2466391,0.541514586520576
50805,110,4554616,2459263,0.539949580820864
50805,11211,4554616,2450614,0.53805062819785465
50805,1723,4554616,2443688,0.53652997310860018
50805,23,4554616,2388931,0.524507664312425
50805,465,4554616,2379019,0.522331410595317
50805,587,4554616,2374873,0.52142112529354834
50805,25,4554616,2241533,0.49214533124197518
50805,1433,4554616,2237892,0.49134592246635062
50805,21,4554616,2219728,0.48735788044480588
50805,53,4554616,2212029,0.48566750742543391
50805,445,4554616,1908654,0.41905925768495084
50805,22,4554616,1758171,0.38601958979637363
51005,50805,4387649,2681982,0.61125719035410531
51005,49154,4387649,2670860,0.60872234766272326
51005,30005,4387649,2653221,0.60470219928713531
51005,27017,4387649,2647022,0.60328936977410907
51005,6443,4387649,2640482,0.60179882210267954
51005,8883,4387649,2636906,0.600983807045641
51005,20000,4387649,2636155,0.60081264476716345
51005,1883,4387649,2633820,0.60028046910771582
51005,443,4387649,2626698,0.59865727636827837
51005,502,4387649,2623233,0.59786755959740623
51005,102,4387649,2618157,0.59671067580838855
51005,5432,4387649,2606005,0.59394108325438066
51005,993,4387649,2599129,0.5923739569869878
51005,995,4387649,2596077,0.591678368073654
51005,5672,4387649,2595172,0.59147210727202659
51005,623,4387649,2583965,0.58891789201916567
51005,4567,4387649,2579911,0.58799393479286977
51005,49152,4387649,2573195,0.58646327452355462
51005,5900,4387649,2564839,0.58455883777394224
51005,161,4387649,2564294,0.58443462546798985
51005,80,4387649,2552019,0.58163699967795968
51005,143,4387649,2551418,0.58150002427268
51005,1521,4387649,2515965,0.57341984283610659
51005,6379,4387649,2511930,0.57250021594708234
51005,631,4387649,2508077,0.57162206913087166
51005,3306,4387649,2497057,0.56911047351326416
51005,8443,4387649,2493275,0.56824850848370045
51005,8080,4387649,2480470,0.56533008907503768
51005,7547,4387649,2476102,0.56433456732751408
51005,110,4387649,2451179,0.558654304389435
51005,11211,4387649,2437859,0.55561851004945928
51005,1723,4387649,2419979,0.5515434347642667
51005,23,4387649,2391036,0.54494696362448314
51005,465,4387649,2371271,0.54044227329943662
51005,587,4387649,2355435,0.53683305113968782
51005,25,4387649,2238370,0.51015247573358757
51005,1433,4387649,2228395,0.50787904866592559
51005,21,4387649,2221186,0.50623602754003338
51005,53,4387649,2205196,0.50259170685713461
51005,445,4387649,1907636,0.434774066931972
51005,22,4387649,1757303,0.40051129887554815
